datetime,open,high,low,close,volume
2026-07-07T20:00:00+00:00,52908.34,52925.09,52811.59,52883.09,33793
2026-07-08T00:00:00+00:00,52883.09,52890.59,52809.59,52832.09,19662
2026-07-08T04:00:00+00:00,52832.09,52834.59,52187.09,52217.59,88409
2026-07-08T08:00:00+00:00,52217.59,52534.09,52186.09,52375.44,136612
2026-07-08T12:00:00+00:00,52375.44,52464.44,52059.94,52315.94,218710
2026-07-08T16:00:00+00:00,52315.94,52396.94,52248.09,52273.84,61303
2026-07-08T20:00:00+00:00,52273.84,52412.09,52268.59,52397.59,22233
2026-07-09T00:00:00+00:00,52397.59,52481.09,52365.59,52479.59,21890
2026-07-09T04:00:00+00:00,52479.59,52487.59,52295.34,52351.59,29668
2026-07-09T08:00:00+00:00,52351.59,52475.09,52228.59,52405.44,89754
2026-07-09T12:00:00+00:00,52405.44,52592.94,52350.44,52544.44,122527
2026-07-09T16:00:00+00:00,52544.44,52580.44,52425.94,52441.34,39040
2026-07-09T20:00:00+00:00,52441.34,52504.59,52441.34,52468.09,13421
2026-07-10T00:00:00+00:00,52468.09,52500.09,52441.09,52481.09,7470
2026-07-10T04:00:00+00:00,52481.09,52605.59,52481.09,52554.59,22898
2026-07-10T08:00:00+00:00,52554.59,52688.59,52508.34,52551.44,72536
2026-07-10T12:00:00+00:00,52551.44,52672.44,52243.44,52642.44,129972
2026-07-10T16:00:00+00:00,52642.44,52722.94,52629.94,52704.09,27335
2026-07-12T20:00:00+00:00,52476.94,52622.09,52472.09,52490.59,30012
2026-07-13T00:00:00+00:00,52490.59,52496.59,52406.09,52458.59,19520
2026-07-13T04:00:00+00:00,52458.59,52733.09,52457.59,52675.59,31375
2026-07-13T08:00:00+00:00,52675.59,52862.94,52555.59,52840.44,82766
2026-07-13T12:00:00+00:00,52840.44,52864.44,52353.94,52467.94,155323
2026-07-13T16:00:00+00:00,52467.94,52536.94,52424.94,52473.34,56412
2026-07-13T20:00:00+00:00,52473.34,52517.59,52331.59,52376.59,54101
2026-07-14T00:00:00+00:00,52376.59,52505.09,52320.09,52477.09,33037
2026-07-14T04:00:00+00:00,52477.09,52499.59,52318.59,52402.59,52551
2026-07-14T08:00:00+00:00,52402.59,52656.59,52016.59,52580.44,167294
2026-07-14T12:00:00+00:00,52580.44,52737.44,52340.44,52442.44,179360
2026-07-14T16:00:00+00:00,52442.44,52585.94,52416.44,52567.09,40694
2026-07-14T20:00:00+00:00,52567.09,52642.59,52529.59,52593.09,15792
2026-07-15T00:00:00+00:00,52593.09,52643.59,52582.59,52616.59,9163
2026-07-15T04:00:00+00:00,52616.59,52695.59,52469.09,52650.09,21896
2026-07-15T08:00:00+00:00,52650.09,52859.94,52512.09,52717.44,80545
2026-07-15T12:00:00+00:00,52717.44,52856.44,52451.44,52691.44,161656
2026-07-15T16:00:00+00:00,52691.44,52722.94,52606.44,52670.84,42566
2026-07-15T20:00:00+00:00,52670.84,52746.59,52655.09,52664.09,17029
2026-07-16T00:00:00+00:00,52664.09,52777.09,52634.59,52712.09,14077
2026-07-16T04:00:00+00:00,52712.09,52837.59,52613.59,52805.09,34055
2026-07-16T08:00:00+00:00,52805.09,52867.44,52632.44,52648.44,106983
2026-07-16T12:00:00+00:00,52648.44,52889.44,52550.94,52560.44,154130
2026-07-16T16:00:00+00:00,52560.44,52576.94,52390.94,52526.34,71331
2026-07-16T20:00:00+00:00,52526.34,52575.09,52292.59,52304.59,27512
2026-07-17T00:00:00+00:00,52304.59,52325.59,52113.09,52180.09,28885
2026-07-17T04:00:00+00:00,52180.09,52355.59,52158.59,52220.59,57940
2026-07-17T08:00:00+00:00,52220.59,52524.94,51965.44,52496.34,133339
2026-07-17T12:00:00+00:00,52496.34,52626.44,52256.94,52268.44,218948
2026-07-17T16:00:00+00:00,52268.44,52295.44,52107.59,52172.34,97267
2026-07-19T20:00:00+00:00,52165.45,52208.9,52040.65,52104.9,41940
2026-07-20T00:00:00+00:00,52104.9,52207.4,52091.9,52118.4,28393
2026-07-20T04:00:00+00:00,52118.4,52345.9,52073.4,52321.4,38496
2026-07-20T08:00:00+00:00,52321.4,52439.25,52124.25,52124.25,97373
2026-07-20T12:00:00+00:00,52124.25,52181.25,51922.25,51985.25,143094
2026-07-20T16:00:00+00:00,51985.25,52044.75,51802.75,51918.15,71244
2026-07-20T20:00:00+00:00,51918.15,51950.4,51843.9,51899.4,27275
2026-07-21T00:00:00+00:00,51899.4,52077.4,51883.9,52058.9,13577
2026-07-21T04:00:00+00:00,52058.9,52126.9,51996.9,52032.9,29267
2026-07-21T08:00:00+00:00,52032.9,52133.9,51898.25,52029.25,91303
2026-07-21T12:00:00+00:00,52029.25,52400.75,52022.25,52277.75,94442
2026-07-21T16:00:00+00:00,52277.75,52283.75,52219.4,52224.15,30513
2026-07-21T20:00:00+00:00,52224.15,52259.4,52193.9,52240.9,20124
2026-07-22T00:00:00+00:00,52240.9,52262.9,52201.4,52233.4,17977
2026-07-22T04:00:00+00:00,52233.4,52263.9,52085.4,52222.4,53428
2026-07-22T08:00:00+00:00,52222.4,52512.25,52082.4,52464.75,86244
2026-07-22T12:00:00+00:00,52464.75,52539.75,52290.75,52337.75,102399
2026-07-22T16:00:00+00:00,52341.75,52362.4,52233.25,52293.15,39357
2026-07-22T20:00:00+00:00,52293.15,52344.4,52181.4,52303.9,21613
2026-07-23T00:00:00+00:00,52303.9,52317.4,52165.4,52167.4,21051
2026-07-23T04:00:00+00:00,52167.4,52200.4,51959.9,52055.4,50034
2026-07-23T08:00:00+00:00,52055.4,52149.9,51564.75,51706.25,137953
2026-07-23T12:00:00+00:00,51706.25,51846.75,51560.75,51618.75,241035
2026-07-23T16:00:00+00:00,51618.75,51754.75,51604.75,51749.65,76238
2026-07-23T20:00:00+00:00,51749.65,51810.43,51687.43,51785.43,33468
2026-07-24T00:00:00+00:00,51785.43,51800.43,51712.43,51765.43,24275
2026-07-24T04:00:00+00:00,51765.43,52017.43,51736.93,52012.93,47336
2026-07-24T08:00:00+00:00,52012.93,52028.93,51737.28,51819.28,100675
2026-07-24T12:00:00+00:00,51819.28,52146.28,51709.28,52001.78,218093
2026-07-24T16:00:00+00:00,52001.78,52032.28,51845.28,51917.68,85170
2026-07-26T20:00:00+00:00,51924.27,52324.5,51924.27,52252.5,34841
2026-07-27T00:00:00+00:00,52252.5,52375,52228.5,52364,18913
2026-07-27T04:00:00+00:00,52364,52492,52348.5,52488,34153
2026-07-27T08:00:00+00:00,52513,52633.85,52422.85,52422.85,87743
2026-07-27T12:00:00+00:00,52422.85,52496.85,52016.85,52132.85,234585
2026-07-27T16:00:00+00:00,52132.85,52275.25,52084.85,52275.25,70476
2026-07-27T20:00:00+00:00,52275.25,52289.66,52141.66,52201.16,39174
2026-07-28T00:00:00+00:00,52201.16,52274.16,52170.66,52227.16,36119
2026-07-28T04:00:00+00:00,52227.16,52421.66,52223.16,52375.66,51475
2026-07-28T08:00:00+00:00,52375.66,52758.16,52334.16,52586.51,115762
2026-07-28T12:00:00+00:00,52586.51,52958.01,52571.51,52853.01,179761
2026-07-28T16:00:00+00:00,52853.01,52873.51,52757.66,52760.91,68682
2026-07-28T20:00:00+00:00,52760.91,52887.27,52684.27,52755.27,50180
2026-07-29T00:00:00+00:00,52755.27,52785.77,52665.27,52744.77,33891
2026-07-29T04:00:00+00:00,52744.77,52880.27,52696.27,52749.27,42999
2026-07-29T08:00:00+00:00,52749.27,52751.27,52147.12,52160.12,101209
2026-07-29T12:00:00+00:00,52160.12,52171.12,51814.12,52004.62,214141
2026-07-29T16:00:00+00:00,52004.62,52285.12,51486.27,51587.52,307075
2026-07-29T20:00:00+00:00,51587.52,51836.08,51587.52,51783.08,67003
2026-07-30T00:00:00+00:00,51783.08,51805.58,51652.58,51679.58,56419
2026-07-30T04:00:00+00:00,51679.58,51802.58,51607.58,51747.08,54184
2026-07-30T08:00:00+00:00,51716.58,52005.93,51706.58,51967.43,129209
2026-07-30T12:00:00+00:00,51967.43,52196.43,51674.93,52137.93,205117
2026-07-30T16:00:00+00:00,52137.93,52356.08,52137.93,52297.83,71991
2026-07-30T20:00:00+00:00,52297.83,52464.32,52259.57,52451.32,27952
2026-07-31T00:00:00+00:00,52451.32,52515.82,52404.32,52490.32,17161
2026-07-31T04:00:00+00:00,52490.32,52573.32,52427.32,52515.82,38630
2026-07-31T08:00:00+00:00,52515.82,52617.32,52216.67,52221.67,94033
2026-07-31T12:00:00+00:00,52221.67,52552.67,51999.67,52492.67,194254
2026-07-31T16:00:00+00:00,52492.67,52648.17,52486.67,52507.57,57630
2026-08-02T20:00:00+00:00,52507.57,52780.01,52507.57,52761.01,23424
2026-08-03T00:00:00+00:00,52761.01,52830.51,52748.51,52804.51,7269
2026-08-03T04:00:00+00:00,52804.51,52896.01,52737.51,52866.01,27838
2026-08-03T08:00:00+00:00,52866.01,53222.01,52853.51,53161.26,64624
2026-08-03T12:00:00+00:00,53161.26,53269.36,52969.36,53121.36,103723
2026-08-03T16:00:00+00:00,53121.36,53304.01,53116.36,53284.76,41615
2026-08-03T20:00:00+00:00,53284.76,53367.84,53263.59,53350.84,12032
2026-08-04T00:00:00+00:00,53350.84,53384.84,53327.34,53332.34,9269
2026-08-04T04:00:00+00:00,53332.34,53366.84,53230.84,53299.84,24462
2026-08-04T08:00:00+00:00,53299.84,54010.19,53209.34,53749.59,97823
2026-08-04T12:00:00+00:00,53749.59,54315.69,53739.69,54222.69,117621
2026-08-04T16:00:00+00:00,54222.69,54280.69,54131.69,54266.59,65417
2026-08-04T20:00:00+00:00,54266.59,54292.6,54239.1,54286.1,11924
2026-08-05T00:00:00+00:00,54286.1,54395.1,54281.6,54369.6,9339
2026-08-05T04:00:00+00:00,54369.6,54371.1,54252.1,54291.1,23798
2026-08-05T08:00:00+00:00,54291.1,54770.45,54283.6,54767.45,68563
2026-08-05T12:00:00+00:00,54767.45,54777.95,54512.45,54589.95,151625
2026-08-05T16:00:00+00:00,54589.95,54617.95,54375.6,54453.35,48845
2026-08-05T20:00:00+00:00,54453.35,54501.64,54446.14,54483.14,15360
2026-08-06T00:00:00+00:00,54483.14,54534.64,54475.14,54533.64,12198
2026-08-06T04:00:00+00:00,54533.64,54577.14,54465.64,54568.14,22839
2026-08-06T08:00:00+00:00,54568.14,54569.14,54314.49,54338.49,66470
2026-08-06T12:00:00+00:00,54338.49,54385.49,53904.49,53962.49,126837
2026-08-06T16:00:00+00:00,53962.49,54004.49,53854.14,53882.89,47293
2026-08-06T20:00:00+00:00,53882.89,53936.37,53825.37,53833.87,20244
2026-08-07T00:00:00+00:00,53833.87,53836.87,53788.37,53818.37,12573
2026-08-07T04:00:00+00:00,53818.37,53932.87,53814.87,53926.37,20895
2026-08-07T08:00:00+00:00,53926.37,54108.37,53817.72,53980.72,77704
2026-08-07T12:00:00+00:00,53980.72,54106.22,53908.22,53992.72,111859
2026-08-07T16:00:00+00:00,53992.72,54002.22,53936.22,53947.22,5581
2026-08-09T20:00:00+00:00,54035.36,54046.25,53910.25,53979.75,17548
2026-08-10T00:00:00+00:00,53979.75,54061.25,53972.75,54050.75,8738
2026-08-10T04:00:00+00:00,54050.75,54082.75,54007.75,54027.75,21704
2026-08-10T08:00:00+00:00,54027.75,54062.25,53878.6,53963.1,68884
2026-08-10T12:00:00+00:00,53963.1,54079.1,53864,53914.1,94983
2026-08-10T16:00:00+00:00,53914.1,53989.1,53869.1,53972,31200
2026-08-10T20:00:00+00:00,53972,53988.35,53911.85,53941.35,10163
2026-08-11T00:00:00+00:00,53941.35,53998.35,53939.85,53949.35,4475
2026-08-11T04:00:00+00:00,53949.35,53975.85,53862.85,53923.85,21113
2026-08-11T08:00:00+00:00,53923.85,54249.2,53904.85,54188.7,63626
2026-08-11T12:00:00+00:00,54188.7,54220.2,53871.7,53907.7,87283
2026-08-11T16:00:00+00:00,53907.7,53908.7,53768.2,53817.6,34218
2026-08-11T20:00:00+00:00,53817.6,53833.67,53773.17,53779.67,11765
2026-08-12T00:00:00+00:00,53779.67,53830.67,53779.67,53815.67,5978
2026-08-12T04:00:00+00:00,53815.67,53905.17,53781.67,53863.17,19420
2026-08-12T08:00:00+00:00,53863.17,54068.17,53798.67,53807.52,79636
2026-08-12T12:00:00+00:00,53807.52,53892.02,53762.02,53830.02,89128
2026-08-12T16:00:00+00:00,53830.02,53878.02,53772.02,53783.92,31382
2026-08-12T20:00:00+00:00,53783.92,53827.66,53727.66,53751.16,11421
2026-08-13T00:00:00+00:00,53751.16,53803.16,53745.16,53796.66,6478
2026-08-13T04:00:00+00:00,53796.66,53945.66,53795.66,53911.66,14646
2026-08-13T08:00:00+00:00,53911.66,54008.51,53860.01,53922.51,57159
2026-08-13T12:00:00+00:00,53922.51,54073.01,53639.51,53767.51,101860
2026-08-13T16:00:00+00:00,53767.51,53892.66,53767.51,53887.41,32681
2026-08-13T20:00:00+00:00,53887.41,53917.2,53851.2,53913.2,6803
2026-08-14T00:00:00+00:00,53913.2,53926.2,53868.7,53869.2,4338
2026-08-14T04:00:00+00:00,53869.2,53871.7,53751.2,53798.7,12835
2026-08-14T08:00:00+00:00,53798.7,53884.05,53684.55,53857.05,56062
2026-08-14T12:00:00+00:00,53857.05,53870.05,53672.05,53729.05,74139
2026-08-14T16:00:00+00:00,53729.05,53814.05,53702.7,53716.7,25560
2026-08-16T20:00:00+00:00,53716.7,53777.43,53674.43,53677.93,8988
2026-08-17T00:00:00+00:00,53677.93,53716.43,53664.43,53715.43,5556
2026-08-17T04:00:00+00:00,53715.43,53733.93,53634.93,53663.43,14127
2026-08-17T08:00:00+00:00,53663.43,53752.93,53510.93,53571.78,60782
2026-08-17T12:00:00+00:00,53571.78,53662.28,53409.28,53451.28,81091
2026-08-17T16:00:00+00:00,53451.28,53525.28,53442.78,53456.18,33686
2026-08-17T20:00:00+00:00,53456.18,53505.81,53437.81,53505.81,10467
2026-08-18T00:00:00+00:00,53505.81,53507.31,53390.81,53415.81,14241
2026-08-18T04:00:00+00:00,53415.81,53477.31,53334.81,53467.31,34829
2026-08-18T08:00:00+00:00,53467.31,53536.31,53261.66,53421.66,72632
2026-08-18T12:00:00+00:00,53421.66,53491.66,53315.66,53344.66,102339
2026-08-18T16:00:00+00:00,53344.66,53429.66,53333.16,53356.06,31994
2026-08-18T20:00:00+00:00,53356.06,53364.62,53303.12,53304.12,18913
2026-08-19T00:00:00+00:00,53304.12,53323.62,53282.12,53297.12,14781
2026-08-19T04:00:00+00:00,53297.12,53413.12,53282.12,53354.62,29247
2026-08-19T08:00:00+00:00,53354.62,53684.12,53334.62,53602.47,89276
2026-08-19T12:00:00+00:00,53602.47,53725.97,53427.97,53460.87,130412
2026-08-19T16:00:00+00:00,53482.47,53538.47,53433.97,53475.87,51686
2026-08-19T20:00:00+00:00,53475.87,53526.28,53469.53,53478.28,15113
2026-08-20T00:00:00+00:00,53478.28,53512.78,53462.28,53473.28,8639
2026-08-20T04:00:00+00:00,53473.28,53533.78,53349.78,53381.28,30866
2026-08-20T08:00:00+00:00,53381.28,53428.78,52990.78,53136.13,93020
2026-08-20T12:00:00+00:00,53136.13,53231.63,52920.63,52924.63,126977
2026-08-20T16:00:00+00:00,52924.63,52925.63,52757.28,52803.03,42408
2026-08-20T20:00:00+00:00,52803.03,52831.23,52768.23,52782.23,15317
2026-08-21T00:00:00+00:00,52782.23,52824.23,52777.23,52812.23,9170
2026-08-21T04:00:00+00:00,52812.23,52993.73,52804.73,52945.23,21521
2026-08-21T08:00:00+00:00,52945.23,53162.23,52935.23,53086.58,61920
2026-08-21T12:00:00+00:00,53086.58,53256.58,53063.58,53200.58,92959
2026-08-21T16:00:00+00:00,53200.58,53348.58,53189.58,53265.98,32859
2026-08-23T20:00:00+00:00,53257.72,53334.89,53234.89,53308.39,20215
2026-08-24T00:00:00+00:00,53308.39,53334.89,53227.39,53257.89,17188
2026-08-24T04:00:00+00:00,53257.89,53325.39,53219.39,53281.39,27101
2026-08-24T08:00:00+00:00,53281.39,53483.24,53151.39,53435.74,77374
2026-08-24T12:00:00+00:00,53435.74,53509.24,53313.74,53353.24,98979
2026-08-24T16:00:00+00:00,53353.24,53463.24,53342.24,53460.64,31734
2026-08-24T20:00:00+00:00,53460.64,53469.42,53393.42,53441.92,11361
2026-08-25T00:00:00+00:00,53441.92,53458.42,53378.92,53434.92,10643
2026-08-25T04:00:00+00:00,53434.92,53700.42,53430.42,53688.42,37424
2026-08-25T08:00:00+00:00,53688.42,53699.42,53605.92,53686.42,10256
2026-08-25T12:00:00+00:00,53435.27,53553.77,53374.77,53525.27,77491
2026-08-25T16:00:00+00:00,53525.27,53555.77,53516.27,53543.77,5750
2026-08-25T20:00:00+00:00,53580.17,53614.19,53538.69,53557.69,19505
2026-08-26T00:00:00+00:00,53557.69,53634.69,53546.19,53583.19,18979
2026-08-26T04:00:00+00:00,53583.19,53659.19,53561.69,53626.19,35235
2026-08-26T08:00:00+00:00,53626.19,53714.19,53500.54,53602.54,84840
2026-08-26T12:00:00+00:00,53602.54,53606.54,53411.54,53455.54,66232
2026-08-26T16:00:00+00:00,53456.54,53480.54,53425.54,53471.04,11038
2026-08-26T20:00:00+00:00,53670.94,53763.15,53614.15,53641.65,16197
2026-08-27T00:00:00+00:00,53642.15,53672.65,53553.15,53570.65,10281
2026-08-27T04:00:00+00:00,53570.65,53613.15,53422.15,53449.65,30137
2026-08-27T08:00:00+00:00,53449.65,53549,53319.15,53469.5,70990
2026-08-27T12:00:00+00:00,53469.5,53647.5,53395.5,53622,40058
2026-08-27T16:00:00+00:00,53615.5,53623.5,53508.5,53552.9,41321
2026-08-27T20:00:00+00:00,53552.9,53649.42,53525.92,53649.42,11245
2026-08-28T00:00:00+00:00,53649.42,53683.42,53605.42,53605.42,11517
2026-08-28T04:00:00+00:00,53605.42,53712.42,53596.92,53631.92,29030
2026-08-28T08:00:00+00:00,53631.92,53734.77,53568.42,53639.77,63710
2026-08-28T12:00:00+00:00,53639.77,53814.77,53468.27,53532.77,229543
2026-08-28T16:00:00+00:00,53532.77,53575.27,53487.77,53537.17,57359
2026-08-30T20:00:00+00:00,53537.17,53559.43,53372.93,53387.93,33677
2026-08-31T00:00:00+00:00,53387.93,53465.43,53357.43,53419.43,19797
2026-08-31T04:00:00+00:00,53419.43,53517.93,53404.43,53465.43,23604
2026-08-31T08:00:00+00:00,53465.43,53508.93,53180.78,53213.28,60720
2026-08-31T12:00:00+00:00,53213.28,53263.78,53120.78,53244.78,92102
2026-08-31T16:00:00+00:00,53244.78,53277.78,53174.78,53228.18,40669
2026-08-31T20:00:00+00:00,53228.18,53276.42,53179.67,53244.92,13355
2026-09-01T00:00:00+00:00,53244.92,53247.92,53160.92,53229.92,12018
2026-09-01T04:00:00+00:00,53229.92,53239.92,52816.92,52826.92,52996
2026-09-01T08:00:00+00:00,52826.92,52981.77,52797.77,52919.67,76638
2026-09-01T12:00:00+00:00,52919.67,53166.77,52699.27,52754.77,121328
2026-09-01T16:00:00+00:00,52754.77,52797.77,52680.27,52783.17,55166
2026-09-01T20:00:00+00:00,52783.17,52799.54,52715.54,52740.04,17885
2026-09-02T00:00:00+00:00,52740.04,52744.04,52739.04,52744.04,25
